{"cameraMode":{"drawMode":0,"name":"Shaded","section":"Shading Mode"},"sceneLighting":true,"audioPlay":false,"sceneViewState":{"showFog":true,"showMaterialUpdate":false,"showSkybox":true,"showFlares":true,"showImageEffects":true,"showParticleSystems":true},"in2DMode":false,"pivot":{"x":11.34882926940918,"y":6.598448753356934,"z":6.837940216064453},"rotation":{"x":-0.11151809990406037,"y":0.6751615405082703,"z":-0.10432736575603485,"w":-0.721694827079773},"size":12.609634399414063,"orthographic":false}